{"coupling_map": {"0": [1], "1": [2], "2": [3], "3": [4], "4": [0]}, "qubits": 5, "name": "circle_reg_q5", "description": "Circle with 5 qubits with cx in random direction and a probability of100.0% for coupling CW.", "position": [[0.0, 1.0], [0.9510565162951535, 0.30901699437494745], [0.5877852522924732, -0.8090169943749473], [-0.587785252292473, -0.8090169943749475], [-0.9510565162951536, 0.30901699437494723]]}