{"coupling_map": {"0": [1], "1": [2], "2": [3], "3": [4], "4": [5], "5": [6], "6": [7], "7": [8], "8": [9], "9": [10], "10": [11], "11": [12], "12": [13], "13": [14], "14": [15], "15": [16], "16": [17], "17": [18], "18": [19], "19": [0]}, "qubits": 20, "name": "circle_reg_q20", "description": "Circle with 20 qubits with cx in random direction and a probability of100.0% for coupling CW.", "position": [[0.0, 1.0], [0.3090169943749474, 0.9510565162951535], [0.5877852522924731, 0.8090169943749475], [0.8090169943749473, 0.5877852522924732], [0.9510565162951535, 0.30901699437494745], [1.0, 6.123233995736766e-17], [0.9510565162951536, -0.30901699437494734], [0.8090169943749475, -0.587785252292473], [0.5877852522924732, -0.8090169943749473], [0.3090169943749475, -0.9510565162951535], [1.2246467991473532e-16, -1.0], [-0.30901699437494773, -0.9510565162951534], [-0.587785252292473, -0.8090169943749475], [-0.8090169943749473, -0.5877852522924732], [-0.9510565162951535, -0.30901699437494756], [-1.0, -1.8369701987210297e-16], [-0.9510565162951536, 0.30901699437494723], [-0.8090169943749476, 0.5877852522924729], [-0.5877852522924732, 0.8090169943749473], [-0.3090169943749476, 0.9510565162951535]]}