{"coupling_map": {"0": [1], "1": [2], "2": [3], "4": [3], "5": [4], "6": [7, 5], "7": [8], "9": [8], "10": [11, 9], "11": [12], "13": [14, 12], "15": [0, 14]}, "qubits": 16, "name": "circle_rand_q16", "description": "Circle with 16 qubits with cx in random direction and a probability of50.0% for coupling CW.", "position": [[0.0, 1.0], [0.3826834323650898, 0.9238795325112867], [0.7071067811865475, 0.7071067811865476], [0.9238795325112867, 0.38268343236508984], [1.0, 6.123233995736766e-17], [0.9238795325112867, -0.3826834323650897], [0.7071067811865476, -0.7071067811865475], [0.38268343236508984, -0.9238795325112867], [1.2246467991473532e-16, -1.0], [-0.38268343236508967, -0.9238795325112867], [-0.7071067811865475, -0.7071067811865477], [-0.9238795325112865, -0.38268343236509034], [-1.0, -1.8369701987210297e-16], [-0.9238795325112866, 0.38268343236509], [-0.7071067811865477, 0.7071067811865475], [-0.3826834323650904, 0.9238795325112865]]}